City,Cloudiness,Country,Date,Humidity,Lat,Lng,Max Temp,Wind Speed
Bluff,45,AU,1573711843,19,-23.58,149.07,93.0,5.93
Klaksvik,25,FO,1573712391,69,62.23,-6.59,37.4,18.34
Ushuaia,40,AR,1573711595,100,-54.81,-68.31,42.8,8.05
Conceicao do Araguaia,94,BR,1573712392,95,-8.26,-49.26,72.55,2.95
Grand Forks,1,US,1573712392,84,47.91,-97.06,10.4,6.93
Katsuura,40,JP,1573712393,36,33.93,134.5,60.8,16.11
Ocna de Fier,75,RO,1573712393,87,45.33,21.78,55.4,3.36
Mataura,69,NZ,1573711884,93,-46.19,168.86,49.6,2.1
Albany,90,US,1573712083,72,42.65,-73.75,21.2,2.21
The Valley,6,AI,1573712412,80,18.22,-63.06,79.9,14.43
Riviere-au-Renard,20,CA,1573712413,72,49.0,-64.4,17.6,9.17
Saldanha,97,PT,1573712417,73,41.42,-6.55,40.08,15.97
Yellowknife,5,CA,1573712286,70,62.45,-114.38,-5.81,13.87
Punta Arenas,75,CL,1573712207,93,-53.16,-70.91,44.6,4.7
Severnoye,50,RU,1573712418,84,54.09,52.54,29.84,6.91
Castro,90,CL,1573712424,100,-42.48,-73.76,51.8,5.82
Jamestown,0,AU,1573712349,27,-33.21,138.6,72.52,12.35
Belaya Gora,89,RU,1573712426,100,68.54,146.19,-8.65,2.59
Kavieng,16,PG,1573712196,74,-2.57,150.8,84.13,11.59
Victoria,75,BN,1573712427,70,5.28,115.24,89.6,2.24
Rikitea,66,PF,1573712333,76,-23.12,-134.97,71.58,23.29
Sao Desiderio,33,BR,1573712429,39,-12.36,-44.97,66.45,2.44
Grindavik,0,IS,1573712364,80,63.84,-22.43,30.2,6.93
Laguna,40,BZ,1573712432,83,16.17,-88.94,77.0,3.6
Tigil,90,RU,1573712432,88,57.8,158.67,27.73,2.75
Cape Town,20,ZA,1573712080,56,-33.93,18.42,68.0,27.51
Esso,79,RU,1573712433,99,55.93,158.7,8.64,3.38
Gigmoto,100,PH,1573712436,84,13.78,124.39,82.22,18.25
Barrow,22,AR,1573712011,93,-38.31,-60.23,54.75,8.14
Tasiilaq,100,GL,1573711990,85,65.61,-37.64,26.91,17.52
Lasa,84,CY,1573712439,38,34.92,32.53,75.2,5.82
Nikolskoye,20,RU,1573712035,75,59.7,30.79,46.4,11.18
Ewa Beach,40,US,1573712352,69,21.32,-158.01,80.6,2.04
Augusto Correa,72,BR,1573712441,82,-1.02,-46.63,79.16,6.42
Tortoli,90,IT,1573712441,66,39.93,9.66,51.8,17.22
Beringovskiy,100,RU,1573712176,72,63.05,179.32,29.23,25.9
Butaritari,85,KI,1573712101,77,3.07,172.79,84.0,10.04
Pangnirtung,96,CA,1573712011,71,66.15,-65.72,17.13,3.8
Ulladulla,35,AU,1573712443,17,-35.36,150.48,84.2,16.11
Yulara,31,AU,1573712043,8,-25.24,130.99,89.6,6.93
Gat,1,SN,1573712444,87,14.69,-16.54,69.8,2.24
Cabedelo,40,BR,1573712447,94,-6.97,-34.84,73.4,4.7
New Norfolk,35,AU,1573712447,34,-42.78,147.06,64.4,21.92
Orsk,90,RU,1573712448,87,51.23,58.47,33.8,11.18
Hermanus,8,ZA,1573712450,81,-34.42,19.24,63.57,16.67
Batagay-Alyta,2,RU,1573712450,88,67.8,130.41,-13.98,3.31
Coquimbo,0,CL,1573712452,93,-29.95,-71.34,55.4,5.82
Port Alfred,61,ZA,1573711917,67,-33.59,26.89,67.46,13.6
Bambous Virieux,40,MU,1573712453,69,-20.34,57.76,80.6,11.41
Georgetown,40,GY,1573712287,100,6.8,-58.16,75.2,2.24
Constitucion,0,MX,1573712454,74,23.99,-104.67,46.98,4.23
Longyearbyen,75,NO,1573712038,90,78.22,15.63,32.0,11.41
Norman Wells,75,CA,1573712140,76,65.28,-126.83,-4.01,3.36
Castanos,17,MX,1573712456,90,26.78,-101.42,45.43,3.62
Vestmannaeyjar,0,IS,1573712456,56,63.44,-20.27,35.33,12.95
Ust-Nera,96,RU,1573712457,93,64.57,143.24,-9.77,2.39
Carnarvon,0,ZA,1573711862,56,-30.97,22.13,56.68,9.89
Neuquen,88,AR,1573711888,37,-38.95,-68.06,66.2,9.17
Dikson,62,RU,1573711955,95,73.51,80.55,3.51,6.89
Faanui,100,PF,1573712145,78,-16.48,-151.75,79.84,21.16
Saint Pete Beach,40,US,1573712459,93,27.73,-82.74,66.2,9.17
Talnakh,0,RU,1573712259,75,69.49,88.39,-14.81,2.24
Matagami,52,NG,1573712461,49,9.67,8.4,70.54,4.36
Walvis Bay,53,NA,1573712462,87,-22.95,14.51,57.2,6.93
Pinawa,80,CA,1573712462,96,50.15,-95.88,8.31,4.7
Tiksi,20,RU,1573712010,98,71.64,128.87,-12.18,0.98
Kapaa,75,US,1573712469,74,22.08,-159.32,78.8,5.82
Elk City,1,US,1573712443,74,35.41,-99.4,32.0,3.36
Huarmey,47,PE,1573712479,93,-10.07,-78.15,60.39,0.54
Puerto Ayora,38,EC,1573711880,85,-0.74,-90.35,68.67,8.9
Arman,100,RU,1573712481,72,59.7,150.17,31.37,26.19
Bata,40,GQ,1573712482,100,1.87,9.77,78.8,4.7
Rocha,50,UY,1573712485,96,-34.48,-54.34,61.68,5.19
Clyde River,90,CA,1573712487,92,70.47,-68.59,10.4,11.41
Dieppe,5,CA,1573712487,78,46.09,-64.74,17.6,12.75
Acapulco,75,MX,1573712487,83,16.86,-99.88,78.8,4.7
Qaanaaq,67,GL,1573712095,58,77.48,-69.36,15.73,7.47
Lingyuan,71,CN,1573712491,34,41.24,119.4,39.69,17.6
Hailin,53,CN,1573712492,44,44.57,129.38,16.2,14.41
Ribeira Grande,28,PT,1573712494,76,38.52,-28.7,58.33,11.56
Hobart,71,AU,1573712332,34,-42.88,147.33,64.4,25.28
Mandalgovi,37,MN,1573712495,29,45.76,106.27,26.85,21.41
Ponta Delgada,75,PT,1573712498,55,37.73,-25.67,62.6,10.29
Codrington,0,AU,1573712499,29,-28.95,153.24,80.6,18.34
Tiarei,90,PF,1573712500,65,-17.53,-149.33,78.8,3.36
Mar del Plata,43,AR,1573711955,40,-46.43,-67.52,59.88,15.95
Smithers,90,CA,1573712501,96,54.78,-127.17,33.8,3.36
Souillac,100,FR,1573711992,93,45.6,-0.6,44.6,3.36
Bredasdorp,40,ZA,1573712501,72,-34.53,20.04,62.6,8.05
Busselton,0,AU,1573712163,46,-33.64,115.35,81.54,15.3
Praia,75,BR,1573711748,68,-20.25,-43.81,71.6,9.17
Cidreira,100,BR,1573712376,92,-30.17,-50.22,70.29,21.05
Tuktoyaktuk,90,CA,1573712064,76,69.44,-133.03,-4.01,12.75
Kijang,0,KR,1573712504,18,35.24,129.21,50.0,11.41
Chuncheng,0,CN,1573712505,41,22.17,111.79,79.66,9.42
Coahuayana,99,MX,1573712098,80,18.62,-100.35,69.85,2.19
Esperance,0,AU,1573712012,22,-33.86,121.89,86.0,16.11
Corn Island,26,NI,1573712506,76,12.17,-83.04,81.82,7.31
Torbay,75,CA,1573711991,74,47.66,-52.73,33.8,24.16
Bida,92,NG,1573712507,80,9.08,6.02,77.56,0.76
Rawson,0,AR,1573712507,48,-43.3,-65.11,60.37,24.29
Saint-Philippe,20,CA,1573712507,66,45.36,-73.48,17.6,4.7
San Patricio,74,PY,1573712508,99,-26.98,-56.83,66.27,3.42
Kahului,1,US,1573712508,74,20.89,-156.47,78.8,11.41
Khatanga,100,RU,1573712173,89,71.98,102.47,-18.24,9.82
Ust-Maya,100,RU,1573712509,96,60.42,134.54,-9.41,4.45
Yeppoon,11,AU,1573712449,40,-23.13,150.74,89.6,11.41
Quatre Cocos,40,MU,1573712510,69,-20.21,57.76,80.6,11.41
Mangrol,45,IN,1573712513,40,25.33,76.51,84.13,3.91
Kaitangata,99,NZ,1573712003,75,-46.28,169.85,51.85,6.22
Kyren,91,RU,1573712520,81,51.68,102.13,2.48,3.06
Hasaki,75,JP,1573712521,56,35.73,140.83,69.8,8.05
Avarua,80,CK,1573712005,94,-21.21,-159.78,73.4,10.29
Presidencia Roque Saenz Pena,0,AR,1573712527,93,-26.79,-60.44,67.8,3.69
Vaini,40,IN,1573712527,61,15.34,74.49,78.8,11.41
Chokurdakh,100,RU,1573712362,96,70.62,147.9,3.7,3.87
Znamenskoye,35,RU,1573712528,75,57.13,73.82,10.08,6.15
Russell,1,US,1573712369,86,38.9,-98.86,28.4,4.7
Camapua,83,BR,1573712529,91,-19.53,-54.04,70.05,3.13
Dhidhdhoo,11,MV,1573712530,76,6.88,73.1,83.19,14.07
La Asuncion,47,AR,1573712530,78,-26.05,-65.39,57.15,1.63
Nome,90,US,1573712530,70,30.04,-94.42,48.2,5.48
Banda Aceh,35,ID,1573712531,70,5.56,95.32,85.06,4.59
Chuy,89,UY,1573712531,97,-33.69,-53.46,66.22,6.67
Thompson,90,CA,1573712405,85,55.74,-97.86,12.2,3.36
Ullal,20,IN,1573712532,55,12.8,74.85,87.8,6.93
Cabo San Lucas,2,MX,1573712440,84,22.89,-109.91,66.42,3.62
Nanortalik,100,GL,1573712533,76,60.14,-45.24,38.03,40.65
Kieta,69,PG,1573712534,75,-6.22,155.63,83.17,9.31
Arraial do Cabo,85,BR,1573712249,87,-22.97,-42.02,73.47,22.46
Bonthe,0,SL,1573712534,84,7.53,-12.5,78.46,2.8
Tarauaca,100,BR,1573712535,88,-8.16,-70.77,72.3,1.99
Novoagansk,0,RU,1573712535,91,61.94,76.66,-6.81,10.6
Campechuela,0,CU,1573712537,94,20.24,-77.28,72.16,8.41
Yumen,0,CN,1573712537,17,40.29,97.04,45.57,19.73
Buchanan,40,LR,1573712537,94,5.88,-10.05,73.4,1.83
Sept-Iles,20,CA,1573712538,57,50.2,-66.38,17.6,6.93
Batsfjord,75,NO,1573712539,80,70.63,29.72,33.8,6.93
Tura,81,RU,1573712539,94,64.27,100.22,-28.56,3.87
Kidal,0,ML,1573712330,18,18.44,1.41,61.07,10.98
Beloha,88,MG,1573712540,59,-25.17,45.06,83.12,7.83
Liepaja,100,LV,1573712540,93,56.52,21.02,51.8,14.99
Samarai,100,PG,1573712543,91,-10.62,150.67,76.66,3.91
Cascais,75,PT,1573712543,82,38.7,-9.42,59.0,12.75
Omsukchan,100,RU,1573712544,99,62.53,155.8,0.03,2.35
Kathmandu,40,NP,1573712545,49,27.71,85.32,73.4,3.36
Bouca,89,CF,1573712546,67,6.51,18.28,74.73,1.21
Dunedin,98,NZ,1573712456,81,-45.87,170.5,50.67,4.38
High Rock,71,BS,1573712547,80,26.63,-78.28,76.33,23.76
Hithadhoo,100,MV,1573712081,74,-0.6,73.08,82.63,8.52
Shingu,40,JP,1573712548,41,33.72,135.99,60.8,21.92
Bilma,100,NE,1573712551,18,18.69,12.92,65.03,15.03
Astana,90,KZ,1573712551,92,51.13,71.43,26.6,17.9
Bonavista,44,CA,1573712555,60,48.65,-53.11,30.76,25.95
Severo-Yeniseyskiy,100,RU,1573712555,91,60.37,93.04,-3.75,4.21
Cherskiy,18,RU,1573712349,98,68.75,161.3,4.62,1.41
Makaha,20,US,1573712557,88,21.47,-158.22,80.6,3.36
Kavaratti,26,IN,1573712557,70,10.57,72.64,82.92,6.22
Uyo,52,NG,1573712560,92,5.03,7.92,75.97,1.39
Novikovo,12,RU,1573712561,81,51.15,37.89,35.92,13.76
Victoria Point,0,AU,1573712562,53,-27.58,153.3,86.0,14.99
Ambilobe,96,MG,1573712562,46,-13.19,49.05,91.69,5.46
Qasigiannguit,95,GL,1573712564,37,68.82,-51.19,35.6,20.8
Avera,90,US,1573712564,59,33.19,-82.53,39.2,8.05
Te Anau,95,NZ,1573712564,66,-45.41,167.72,49.42,7.78
Mount Gambier,90,AU,1573712061,82,-37.83,140.78,57.2,17.22
Fairbanks,90,US,1573712402,55,64.84,-147.72,10.4,20.8
Tianpeng,0,CN,1573712565,17,28.88,112.34,71.69,2.51
Rairangpur,0,IN,1573712566,47,22.27,86.18,80.6,2.24
Auki,100,NG,1573712033,25,12.18,6.51,75.31,5.1
Douala,40,CM,1573712566,94,4.04,9.71,77.0,2.24
Saint George,40,GR,1573712048,93,39.45,22.34,55.4,5.82
Varhaug,75,NO,1573712569,86,58.61,5.65,37.4,2.24
Nazilli,75,TR,1573712573,93,37.91,28.32,59.0,9.17
Presidente Epitacio,100,BR,1573712573,88,-21.76,-52.12,73.06,6.13
Vrede,58,ZA,1573712573,67,-27.43,29.16,62.31,11.41
Karaidel,59,RU,1573712576,74,55.83,56.91,22.21,7.85
Egvekinot,100,RU,1573712582,92,66.32,-179.17,6.64,11.52
Champerico,90,MX,1573712582,82,16.38,-93.6,68.0,3.36
Boa Vista,40,BR,1573712584,83,2.82,-60.67,77.0,14.99
Baoshan,0,CN,1573712584,25,31.41,121.49,66.2,8.95
Ponta do Sol,100,BR,1573712584,96,-20.63,-46.0,66.36,7.02
Leningradskiy,100,RU,1573712608,80,69.38,178.42,21.72,23.11
Jasper,1,US,1573712609,100,33.83,-87.28,41.0,4.05
Riyadh,9,SA,1573712581,37,24.63,46.72,69.8,6.93
Kargopol,100,RU,1573712610,84,61.51,38.95,35.28,11.32
Champoton,29,MX,1573712610,99,19.35,-90.72,70.38,3.69
Beruwala,100,LK,1573712611,56,6.48,79.98,89.83,3.53
Rosneath,31,GB,1573712611,74,56.01,-4.8,33.8,3.36
Ancud,90,CL,1573712612,100,-41.87,-73.83,51.8,5.82
Airai,0,TL,1573712332,33,-8.93,125.41,86.61,8.3
Kandrian,34,PG,1573712613,72,-6.21,149.55,82.18,5.5
Port Hardy,90,CA,1573712613,81,50.7,-127.42,50.0,12.75
Kaura Namoda,98,NG,1573712614,22,12.59,6.58,76.96,4.88
Harindanga,40,IN,1573712614,69,22.04,88.32,82.4,5.82
Sao Filipe,86,CV,1573712617,80,14.9,-24.5,73.06,7.56
Ouesso,98,CG,1573712617,91,1.61,16.05,73.26,1.25
Tuatapere,90,NZ,1573712618,85,-46.13,167.69,51.44,2.82
Sangar,100,RU,1573712618,96,63.92,127.47,-15.51,4.0
Tiruchchendur,75,IN,1573712618,66,8.48,78.12,86.0,6.93
Kodiak,40,US,1573712619,80,39.95,-94.76,33.8,3.36
Dubti,20,ET,1573712620,51,11.74,41.09,79.93,8.48
Klyuchi,100,RU,1573712623,84,52.25,79.17,25.43,9.71
Zaozerne,100,UA,1573712624,80,51.37,23.94,55.33,11.36
Itoman,75,JP,1573712624,60,26.12,127.67,75.2,23.04
Pontal do Parana,90,BR,1573712626,93,-25.67,-48.51,62.6,12.75
Orange Cove,1,US,1573712627,71,36.62,-119.31,60.8,3.58
Pakhtakoron,55,UZ,1573712627,26,40.16,68.75,54.63,4.88
Auch,90,FR,1573712628,93,43.65,0.59,44.6,2.24
Hilo,90,US,1573712082,65,19.71,-155.08,78.8,6.93
Bathsheba,40,BB,1573712630,78,13.22,-59.52,80.6,9.17
Rafraf,20,TN,1573712630,82,37.19,10.18,57.2,10.29
Guerrero,40,AR,1573712631,68,-24.19,-65.45,68.0,5.82
Salalah,20,OM,1573712631,61,17.01,54.1,82.4,6.93
Yenagoa,48,NG,1573712631,91,4.92,6.26,76.73,1.79
Atuona,0,PF,1573712321,71,-9.8,-139.03,80.33,13.24
Nirmal,0,IN,1573712632,54,19.09,78.35,78.4,4.18
Dunmore East,100,IE,1573712632,73,52.15,-6.99,47.82,37.69
Cayenne,40,GF,1573712633,94,4.94,-52.33,75.2,3.58
Cotonou,20,BJ,1573712556,88,6.37,2.43,77.0,3.36
Noumea,0,NC,1573712634,47,-22.28,166.46,80.6,11.41
Maniitsoq,100,GL,1573712167,67,65.42,-52.9,33.21,12.73
Hambantota,20,LK,1573712635,74,6.12,81.12,86.0,10.29
Fort Nelson,90,CA,1573712635,71,58.81,-122.69,6.8,8.05
Kozhevnikovo,12,RU,1573712636,80,56.26,83.98,8.67,5.73
Moron,0,HT,1573712637,79,18.56,-74.26,79.47,11.01
Maceio,20,BR,1573712637,94,-9.67,-35.74,69.8,3.36
Chapais,90,CA,1573712637,92,49.78,-74.86,8.6,13.87
Saskylakh,96,RU,1573712638,95,71.97,114.09,-14.05,13.35
Darhan,13,MN,1573712650,49,49.49,105.92,15.93,8.28
Grand Gaube,40,MU,1573712651,69,-20.01,57.66,80.6,11.41
Kutina,20,HR,1573712651,93,45.48,16.78,39.2,1.12
Portland,1,US,1573712582,66,43.66,-70.25,15.8,9.19
Atambua,0,ID,1573712655,52,-9.11,124.89,86.58,6.29
Huejuquilla el Alto,20,MX,1573712656,93,22.63,-103.9,50.02,1.54
Port-Gentil,20,GA,1573712656,94,-0.72,8.78,78.8,2.64
Roebourne,0,AU,1573712657,8,-20.77,117.15,106.5,1.95
Ensley,75,US,1573712658,44,33.51,-86.89,41.0,6.93
Carballo,40,ES,1573712659,75,43.21,-8.69,46.4,9.17
Tirumullaivasal,33,IN,1573712659,77,11.24,79.84,82.65,13.0
Itarema,49,BR,1573712659,72,-2.92,-39.92,78.93,11.14
Zolochiv,75,UA,1573712660,86,50.28,35.98,41.0,11.18
Sheridan,75,US,1573712403,74,39.65,-105.03,42.8,11.41
Mlalo,71,TZ,1573712662,67,-4.58,38.35,79.05,2.86
Panukulan,76,PH,1573712664,77,14.93,121.81,79.11,13.31
Camocim,51,BR,1573712664,86,-2.9,-40.84,74.23,6.13
Flinders,0,AU,1573712665,17,-34.58,150.85,84.2,16.11
Hays,1,US,1573712665,86,38.88,-99.33,28.4,8.05
Nador,0,MA,1573712666,82,35.17,-2.93,55.4,2.24
Sitka,0,US,1573712667,66,37.17,-99.65,40.12,8.37
Lompoc,90,US,1573712668,87,34.64,-120.46,57.2,5.28
Uthal,74,PK,1573712668,32,25.81,66.62,82.44,5.41
Bemidji,90,US,1573712671,78,47.48,-94.89,15.8,4.7
Beaufort,75,MY,1573712673,70,5.36,115.76,86.0,2.24
Wenling,0,CN,1573712674,53,28.38,121.38,61.29,15.05
Emba,84,CY,1573712674,34,34.81,32.42,78.8,11.41
Bethel,1,US,1573712143,65,60.79,-161.76,8.6,32.21
Pulandian,20,CN,1573712675,61,39.4,121.96,48.2,17.9
Lukovetskiy,90,RU,1573712678,95,64.29,41.92,33.8,8.95
Narsaq,100,GL,1573712680,65,60.91,-46.05,41.0,43.62
Lavrentiya,0,RU,1573712680,72,65.58,-170.99,23.54,34.2
Kaa-Khem,100,RU,1573712681,84,51.7,94.56,16.41,2.04
Hami,0,CN,1573712682,40,42.84,93.51,43.54,6.8
Sao Jose da Coroa Grande,80,BR,1573712682,74,-8.9,-35.15,78.55,14.23
Upernavik,100,GL,1573712683,67,72.79,-56.15,19.62,8.72
Lewisporte,40,CA,1573712684,63,49.25,-55.06,26.6,24.16
Okha,100,RU,1573712685,97,53.59,142.95,36.7,39.62
Monrovia,40,LR,1573712295,94,6.33,-10.8,73.4,3.6
Surt,0,LY,1573712685,52,31.21,16.59,56.82,9.1
Palmer,20,AU,1573712687,55,-34.85,139.16,64.4,12.75
Pontes e Lacerda,100,BR,1573712690,96,-15.23,-59.33,71.91,2.91
Lagoa,75,PT,1573712690,87,37.14,-8.45,57.2,9.17
Careiro da Varzea,75,BR,1573712690,83,-3.2,-59.81,77.0,3.36
Vao,100,EE,1573712691,91,59.1,26.19,49.26,13.15
Troitsko-Pechorsk,100,RU,1573712691,90,62.71,56.19,9.12,7.76
Kasulu,50,TZ,1573712691,73,-4.57,30.11,72.28,2.01
Porto Murtinho,75,BR,1573712692,96,-21.7,-57.88,73.08,6.49
Puyo,77,EC,1573712698,96,-1.48,-78.0,62.64,2.86
Lumberton,90,US,1573712701,70,30.27,-94.2,48.2,1.01
Mayo,90,CA,1573712703,55,63.59,-135.9,6.8,9.17
Snezhnogorsk,75,RU,1573712706,92,69.19,33.23,26.6,4.47
Plettenberg Bay,67,ZA,1573712238,79,-34.05,23.37,62.85,9.82
Marawi,3,PH,1573712707,75,8.0,124.29,77.7,6.06
Forssa,75,FI,1573712708,100,60.82,23.63,44.6,5.82
Lahij,30,YE,1573712709,48,13.06,44.88,84.9,15.41
Kose,75,EE,1573712712,100,59.18,25.17,50.0,11.41
Macomb,90,US,1573712501,79,40.46,-90.67,30.2,4.83
Taltal,16,CL,1573712714,86,-25.41,-70.49,53.64,1.41
Beian,75,NO,1573712714,79,63.66,9.57,35.6,11.41
Bathurst,0,AU,1573712631,34,-33.42,149.58,70.23,13.96
Formosa,44,BR,1573712718,64,-15.55,-47.33,69.44,3.71
Sorong,93,ID,1573712247,69,-0.86,131.25,84.74,5.97
Saint-Ambroise,40,CA,1573712719,84,48.56,-71.32,10.4,2.24
Sorland,40,NO,1573712722,87,67.67,12.69,39.2,8.05
Tabou,69,CI,1573712723,96,4.42,-7.36,74.91,1.95
Lebu,75,ET,1573712724,62,8.96,38.73,59.0,9.17
Viedma,0,AR,1573712724,38,-40.81,-62.99,62.33,9.04
Shaoyang,31,CN,1573712725,30,27.23,111.45,65.62,4.25
Nantucket,20,US,1573712718,63,41.28,-70.1,28.4,3.36
Borba,54,BR,1573712739,96,-4.39,-59.59,73.02,0.98
Poum,90,MK,1573712248,87,41.28,20.71,46.4,2.24
Logansport,75,US,1573712740,79,40.75,-86.36,30.2,3.36
Atherton,75,AU,1573712740,61,-17.27,145.48,82.4,8.05
Meulaboh,87,ID,1573712741,74,4.14,96.13,82.33,7.11
Khani,0,GE,1573712741,29,41.96,42.96,62.6,31.09
Ostersund,75,SE,1573712741,100,63.18,14.64,24.8,2.24
Camacha,75,PT,1573712742,63,33.08,-16.33,66.2,10.29
Mehamn,75,NO,1573712745,80,71.03,27.85,35.6,6.93
Kruisfontein,26,ZA,1573712745,62,-34.0,24.73,66.24,9.64
Betare Oya,100,CM,1573712746,81,5.6,14.08,70.07,2.73
Alice,83,ZA,1573712749,58,-32.79,26.83,66.54,7.81
Sibolga,61,ID,1573712752,74,1.74,98.78,85.23,1.9
Naron,40,ES,1573712753,75,43.52,-8.15,46.4,9.17
East London,40,ZA,1573712753,77,-33.02,27.91,66.2,20.8
High Level,90,CA,1573712753,85,58.52,-117.13,12.2,11.41
Saint-Paul,100,FR,1573712754,93,45.22,1.9,37.4,3.36
Lillooet,90,CA,1573712755,100,50.69,-121.94,39.2,11.41
Kaeo,1,NZ,1573712756,68,-35.1,173.78,62.91,17.11
Gweru,97,ZW,1573712756,75,-19.46,29.82,70.66,5.59
Dalbandin,30,PK,1573712763,37,28.9,64.41,64.92,10.54
Pevek,100,RU,1573712763,61,69.7,170.27,25.45,15.59
Praya,20,ID,1573712764,41,-8.71,116.27,95.0,10.29
Tevaitoa,100,PF,1573712764,79,-16.78,-151.5,79.34,21.34
Remuna,0,IN,1573712772,51,21.54,86.83,81.93,9.17
Garissa,78,KE,1573712773,70,-0.46,39.64,81.01,9.75
Haines Junction,100,CA,1573712774,96,60.75,-137.51,11.73,5.84
Taldan,42,RU,1573712775,68,53.69,124.82,-6.2,10.16
Martil,40,MA,1573712777,67,35.62,-5.28,62.6,16.11
Floro,75,NO,1573712777,69,61.6,5.03,41.0,11.41
Burlington,90,CA,1573712522,79,43.32,-79.8,32.0,4.7
Kantabanji,0,IN,1573712782,49,20.47,82.92,78.33,6.49
Jiayuguan,0,CN,1573712782,10,39.77,98.29,49.01,8.05
Bridlington,95,GB,1573712782,81,54.08,-0.19,44.6,17.22
Umm Lajj,0,SA,1573712782,43,25.02,37.27,82.54,1.77
Kantang,20,TH,1573712783,62,7.42,99.52,89.6,11.41
Suhbaatar,62,MN,1573712784,41,50.23,106.21,16.56,5.08
Dese,88,IT,1573712785,93,45.53,12.3,42.8,6.93
Papetoai,90,PF,1573712787,65,-17.5,-149.87,78.8,3.36
Port Blair,49,IN,1573712787,70,11.67,92.75,83.7,6.62
Celestun,87,MX,1573712789,83,20.87,-90.4,77.52,19.44
Paamiut,100,GL,1573712789,71,61.99,-49.67,42.87,46.71
Aklavik,90,CA,1573712790,83,68.22,-135.01,-5.81,4.7
Hamilton,90,CA,1573712531,79,43.26,-79.87,32.0,4.7
Los Llanos de Aridane,20,ES,1573712522,64,28.66,-17.92,69.8,12.75
Ifanadiana,87,MG,1573712813,59,-21.3,47.64,81.05,3.47
Guaraciaba do Norte,84,BR,1573712813,82,-4.16,-40.75,74.17,2.19
Saint-Joseph,90,FR,1573712813,81,43.56,6.97,46.4,3.36
Vila Franca do Campo,75,PT,1573712819,55,37.72,-25.43,62.6,10.29
Mangan,0,IN,1573712819,47,27.5,88.54,65.98,6.31
Metro,95,ID,1573712819,53,-5.11,105.31,90.41,13.91
Llanes,100,ES,1573712820,85,43.42,-4.75,47.3,30.82
Labuhan,37,ID,1573712820,39,-2.54,115.51,94.84,1.23
Vuktyl,100,RU,1573712820,81,63.86,57.31,7.03,7.18
Vagur,0,FO,1573712821,64,61.47,-6.81,41.88,22.37
Barra Patuca,11,HN,1573712821,69,15.8,-84.28,82.71,6.13
Padang,94,ID,1573712821,79,-0.92,100.36,79.68,3.38
Ahipara,5,NZ,1573712821,75,-35.17,173.16,61.52,16.71
Hikone,20,JP,1573712822,54,35.25,136.22,59.0,28.86
Tautira,90,PF,1573712822,65,-17.73,-149.15,78.8,3.36
Boffa,0,GN,1573712822,84,10.18,-14.04,78.55,1.16
Chumphon,75,TH,1573712823,66,10.5,99.18,89.6,6.93
Mahebourg,40,MU,1573712713,69,-20.41,57.7,80.6,11.41
Rockhampton,16,AU,1573712823,40,-23.38,150.51,89.6,11.41
Nanhai,0,CN,1573712827,20,30.13,111.78,73.71,10.76
Rome,75,IT,1573712165,87,41.89,12.48,55.4,3.36
Corowa,75,AU,1573712828,35,-36.0,146.39,73.4,11.41
Geraldton,90,CA,1573712829,85,49.72,-86.95,12.2,3.36
Khandbari,17,NP,1573712267,52,27.38,87.21,62.17,6.44
Adrar,55,DZ,1573712831,36,27.87,-0.29,55.4,6.93
Hibbing,90,US,1573712831,67,47.43,-92.94,17.6,6.93
Hegra,95,NO,1573712834,92,63.46,11.11,24.8,5.82
Rehoboth,97,NA,1573712834,16,-23.31,17.08,67.86,11.21
Akdepe,94,TM,1573712837,38,42.05,59.39,42.8,2.24
Tynda,100,RU,1573712837,83,55.15,124.74,-13.11,9.44
Pangai,20,TO,1573712838,61,-19.8,-174.35,77.0,5.82
Rio Tuba,87,PH,1573712838,72,8.51,117.43,83.21,4.94
Muroto,20,JP,1573712840,36,33.37,134.14,60.8,16.11
Nuuk,100,GL,1573712841,92,64.17,-51.74,28.4,18.34
Provideniya,75,RU,1573712841,62,64.42,-173.23,24.8,31.32
Caravelas,45,BR,1573712843,94,-17.73,-39.27,71.44,0.07
Vanimo,62,PG,1573712851,69,-2.67,141.3,83.8,6.2
Linhai,0,CN,1573712851,44,28.86,121.14,63.72,1.7
Luderitz,0,NA,1573712854,72,-26.65,15.16,66.2,8.05
Goroka,95,PG,1573712872,95,-6.07,145.39,64.42,3.27
Vostok,100,RU,1573712873,82,46.45,135.83,2.07,19.98
Sao Joao da Barra,78,BR,1573712873,87,-21.64,-41.05,74.12,14.88
Bahce,75,TR,1573712874,61,37.2,36.58,50.0,3.36
Espoo,75,FI,1573712876,100,60.22,24.66,48.2,11.41
Marsabit,26,KE,1573712876,62,2.34,37.99,78.13,19.15
Husavik,53,CA,1573712877,90,50.56,-96.99,11.48,7.05
Smolenka,100,PL,1573712877,89,54.15,22.76,52.63,8.84
Vardo,1,US,1573712881,46,39.62,-77.74,28.4,5.82
Fukue,20,JP,1573712882,54,35.03,136.69,59.0,28.86
La Ronge,90,CA,1573712883,92,55.1,-105.3,17.6,4.7
Sao Miguel do Araguaia,40,BR,1573712885,91,-13.28,-50.16,71.22,3.62
Moussoro,45,TD,1573712885,14,13.64,16.49,81.46,5.53
Alice Springs,0,AU,1573712888,5,-23.7,133.88,87.8,8.05
Sawtell,90,AU,1573712890,49,-30.38,153.1,75.2,5.82
Rafsanjan,0,IR,1573712898,8,30.4,55.99,51.17,1.43
Tazovskiy,98,RU,1573712898,97,67.47,78.7,-0.71,7.0
Kupang,20,ID,1573712898,49,-10.16,123.6,93.2,12.75
Aksarka,0,RU,1573712898,82,66.56,67.8,-10.79,4.16
Mareeba,75,AU,1573712898,61,-16.99,145.42,82.4,8.05
Dawei,1,MM,1573712899,70,14.07,98.19,84.99,11.99
Yertsevo,100,RU,1573712900,81,60.8,40.09,34.47,11.21
Gouyave,20,GD,1573712900,88,12.16,-61.73,77.0,11.12
Port Macquarie,0,AU,1573712901,40,-31.43,152.91,69.8,10.29
Sungaipenuh,77,ID,1573712904,71,-2.08,101.38,76.62,4.09
Araouane,0,ML,1573712905,28,18.9,-3.53,64.98,9.33
Yerbogachen,100,RU,1573712908,91,61.28,108.01,-16.8,3.04
Ankazoabo,48,MG,1573712908,30,-22.29,44.51,86.7,8.55
Kroya,100,ID,1573712908,32,-6.5,108.06,95.7,12.93
Marsa Matruh,35,EG,1573712909,43,31.35,27.25,71.6,6.93
Port Lincoln,41,AU,1573712909,57,-34.72,135.86,64.44,16.64
Bandarbeyla,51,SO,1573713013,79,9.49,50.81,79.77,16.96
Sarankhola,0,BD,1573713014,60,22.31,89.79,83.25,5.53
Mecca,0,SA,1573713014,59,21.43,39.83,80.55,3.4
Mantua,0,IT,1573713014,74,45.16,10.79,44.6,4.7
Cumra,100,TR,1573713014,60,37.57,32.77,42.8,8.66
Solnechnyy,100,RU,1573713014,80,50.72,136.64,11.37,3.96
Alofi,35,NU,1573713016,83,-19.06,-169.92,75.2,3.36
Nerchinskiy Zavod,0,RU,1573713016,35,51.31,119.61,3.4,6.33
Port Hedland,0,AU,1573713019,14,-20.31,118.58,104.0,19.46
Gushikawa,75,JP,1573713020,60,26.35,127.87,75.2,19.46
Yurga,97,RU,1573713021,92,55.71,84.93,6.15,7.27
Ostrovnoy,100,RU,1573713021,91,68.05,39.51,29.37,10.2
Tefe,71,BR,1573713022,96,-3.35,-64.71,72.97,1.34
Verkhovazhye,89,RU,1573713023,83,60.75,42.05,33.12,11.25
Parchim,20,DE,1573713023,100,53.43,11.85,35.6,4.7
Harper,90,US,1573713024,93,30.3,-99.24,39.2,7.38
Wuwei,0,CN,1573712966,13,37.93,102.64,47.21,3.4
Hay River,75,CA,1573713025,77,60.82,-115.79,-2.21,14.99
Morehead,1,US,1573713026,73,38.18,-83.43,28.4,5.82
Puerto Escondido,0,MX,1573713027,77,15.86,-97.07,68.88,3.47
Urucara,93,BR,1573713027,91,-2.54,-57.76,75.15,1.28
Novokayakent,90,RU,1573713027,76,42.39,47.99,50.0,6.71
Siuri,0,IN,1573713028,45,23.91,87.53,81.84,4.27
Kondinskoye,0,RU,1573713028,90,59.65,67.41,-2.01,4.61
Takaka,71,NZ,1573713029,86,-40.86,172.81,50.88,7.0
Marathon,98,CA,1573713030,76,48.72,-86.38,25.5,13.98
Gra Liyia,20,GR,1573713030,82,35.02,25.68,62.6,3.36
Sarkand,0,KZ,1573713030,39,45.41,79.91,42.96,3.67
Broome,75,GB,1573713030,87,52.47,1.45,44.6,6.93
Hit,0,IQ,1573713038,42,33.64,42.83,71.91,3.22
Piacabucu,0,BR,1573713038,80,-10.41,-36.43,75.29,7.94
Itupiranga,54,BR,1573713039,100,-5.13,-49.33,78.8,2.24
Kampot,40,KH,1573713039,70,10.62,104.18,89.6,9.17
Nalut,0,LY,1573713042,39,31.86,10.98,55.13,13.6
El Cope,100,PA,1573713042,89,8.69,-82.32,73.33,1.25
Olga,1,US,1573713045,77,34.11,-118.17,62.6,3.27
Gwanda,90,ZW,1573713049,58,-20.94,29.0,77.14,7.16
Martapura,40,ID,1573713050,88,-3.41,114.85,77.0,11.41
Katobu,25,ID,1573713053,32,-4.94,122.53,97.34,3.67
Ocampo,0,MX,1573713053,83,27.32,-102.4,47.95,4.52
Lata,100,IN,1573713053,26,30.78,78.62,39.69,8.9
Morro Bay,90,US,1573713053,87,35.37,-120.85,55.4,1.97
Margate,71,AU,1573713054,34,-43.03,147.26,64.4,21.92
Kimbe,4,PG,1573713055,64,-5.56,150.15,84.79,2.62
Zhigansk,100,RU,1573713056,93,66.77,123.37,-15.63,16.33
Obo,95,CF,1573713057,80,5.39,26.49,75.94,2.3
Kloulklubed,75,PW,1573713058,66,7.04,134.26,87.8,8.05
Henties Bay,48,NA,1573713061,71,-22.12,14.28,63.28,4.68
Karpathos,20,GR,1573713061,77,35.51,27.21,64.4,9.17
College,90,US,1573713062,55,64.86,-147.8,10.4,20.8
Verkhnevilyuysk,100,RU,1573713062,94,63.45,120.31,-13.98,4.92
Srednekolymsk,68,RU,1573713063,99,67.46,153.71,-4.02,2.08
Taiobeiras,8,BR,1573713064,95,-15.81,-42.23,61.41,2.55
Ketchikan,90,US,1573713064,87,55.34,-131.65,50.0,20.8
Tandil,0,AR,1573713002,89,-37.33,-59.14,54.84,9.22
Telenesti,75,MD,1573713064,87,47.5,28.37,51.8,16.11
San Policarpo,88,PH,1573713065,81,12.18,125.51,84.96,7.81
Naliya,82,IN,1573713068,38,23.26,68.83,83.23,3.94
Salamiyah,76,SY,1573713068,53,35.01,37.05,68.04,10.94
Porbandar,20,IN,1573713072,55,21.64,69.61,87.8,4.7
Kottayam,39,IN,1573713065,62,9.59,76.52,89.6,1.19
Shimoda,40,JP,1573713076,46,34.7,138.93,69.8,16.11
Amuntai,37,ID,1573713079,39,-2.42,115.25,94.84,1.23
Fortuna,90,US,1573713079,100,40.6,-124.16,48.2,5.82
Yining,0,CN,1573713079,21,29.04,114.56,71.33,0.76
Beyneu,37,KZ,1573713081,75,45.32,55.19,44.47,10.25
Chaibasa,0,IN,1573713082,47,22.55,85.81,80.6,2.24
Karlovac,20,HR,1573713082,93,45.49,15.55,42.8,1.12
Le Port,100,FR,1573713082,97,42.87,1.37,37.29,4.12
Barstow,1,US,1573713083,86,31.46,-103.39,39.2,3.36
Papara,75,BR,1573713083,74,-3.98,-38.73,78.8,10.29
Gold Coast,0,AU,1573713083,57,-28.0,153.41,75.2,11.41
Taman,0,RU,1573713090,81,45.22,36.72,42.8,24.61
Pa Sang,75,TH,1573713091,58,18.53,98.94,86.0,6.93
Sechura,48,PE,1573713093,91,-5.56,-80.82,65.43,8.3
Comodoro Rivadavia,11,AR,1573713094,36,-45.87,-67.48,60.8,19.46
Thiruvananthapuram,20,IN,1573712806,62,8.48,76.92,87.8,6.93
Zapolyarnyy,75,RU,1573713095,100,69.43,30.82,26.6,8.05
Hede,100,SE,1573713103,94,60.45,15.49,32.0,2.24
Maraba,92,BR,1573713103,100,-5.35,-49.1,78.8,2.24
Port Augusta,0,AU,1573713104,55,-32.49,137.76,66.2,10.29
Bahia Honda,1,CU,1573713106,88,22.9,-83.16,73.72,7.23
Jalu,0,LY,1573713108,56,29.03,21.55,57.22,7.14
Laiyang,0,CN,1573713108,27,36.98,120.7,55.98,15.32
Mogadishu,75,SO,1573713050,62,2.04,45.34,86.0,14.99
Ilulissat,95,GL,1573713116,37,69.22,-51.1,35.6,20.8
Mazagao,40,BR,1573713117,100,-0.12,-51.29,80.6,4.7
Severo-Kurilsk,100,RU,1573713117,89,50.68,156.12,31.37,11.61
Thabazimbi,48,ZA,1573713119,67,-24.59,27.41,73.83,6.46
Tsybli,90,UA,1573713120,93,49.99,31.57,44.6,13.42
Olinda,90,AU,1573713124,43,-37.84,145.39,71.6,11.41
Awbari,0,LY,1573713124,37,26.59,12.77,54.93,4.23
ChengDe,21,CN,1573713126,28,40.97,117.93,37.35,4.07
Kisanga,75,CD,1573713127,94,-11.72,27.4,69.8,4.7
Matay,0,EG,1573713127,31,28.42,30.79,76.75,8.68
Nouadhibou,65,MR,1573713127,82,20.93,-17.03,64.4,12.75
Skibbereen,75,IE,1573713128,86,51.55,-9.27,39.2,21.92
Cockburn Town,22,TC,1573713131,73,21.46,-71.14,81.37,10.47
Antalaha,94,MG,1573713132,77,-14.9,50.28,80.22,4.65
Port Elizabeth,1,US,1573713132,85,39.31,-74.98,30.2,3.56
Turukhansk,0,RU,1573713132,83,65.8,87.96,-17.34,4.5
Calvinia,0,ZA,1573713136,51,-31.47,19.78,60.8,5.82
Puerto del Rosario,40,ES,1573713138,77,28.5,-13.86,68.0,21.92
Nhulunbuy,20,AU,1573713138,52,-12.18,136.78,89.6,12.75
Eureka,90,US,1573713139,93,40.8,-124.16,48.2,3.36
Zemio,100,CF,1573713139,84,5.02,25.13,74.25,1.39
Mozarlandia,100,BR,1573713143,83,-14.74,-50.57,73.53,2.66
Houma,0,CN,1573713143,23,35.63,111.36,59.04,9.31
Isangel,75,VU,1573713143,61,-19.55,169.27,80.6,9.17
Belyy Yar,100,RU,1573713144,72,53.6,91.39,14.0,6.71
Kodinsk,100,RU,1573713145,87,58.6,99.18,5.99,5.57
Cochrane,84,CL,1573713008,99,-47.25,-72.57,35.58,4.85
Coihaique,84,CL,1573713146,62,-45.58,-72.07,51.8,1.12
Pochutla,0,MX,1573713150,71,15.74,-96.47,82.15,8.81
Bafra,12,TR,1573713152,87,41.57,35.91,46.4,4.7
Seoul,1,KR,1573713135,27,37.57,126.98,41.0,3.36
Kalachinsk,99,RU,1573713154,82,55.05,74.58,11.8,13.11
Sehithwa,57,BW,1573713155,59,-20.47,22.7,78.44,6.17
Lokosovo,0,RU,1573713156,77,61.13,74.84,-2.85,7.36
Maragogi,80,BR,1573713156,74,-9.01,-35.22,78.55,14.23
Zhangjiakou,22,CN,1573713156,41,40.77,114.88,32.29,6.76
Kathu,13,ZA,1573713157,31,-27.7,23.05,70.09,2.33
Najran,0,SA,1573713158,37,17.54,44.22,69.8,4.7
Berthierville,90,CA,1573713162,78,46.08,-73.17,12.2,7.94
Atar,100,MR,1573713165,17,20.52,-13.05,66.88,5.91
Durban,48,CA,1573713102,82,51.93,-101.44,8.67,11.23
San Angelo,1,US,1573713124,75,31.46,-100.44,41.0,4.7
Pendleton,1,US,1573713167,53,34.65,-82.78,32.0,4.7
Zlitan,7,LY,1573713167,51,32.47,14.57,57.63,14.97
Ixtapa,5,MX,1573713167,94,20.71,-105.21,71.6,3.36
Jaguaquara,69,BR,1573713169,92,-13.53,-39.97,65.52,4.83
Iguape,100,BR,1573713171,99,-24.7,-47.56,68.58,2.06
Alta Floresta,39,BR,1573713188,96,-9.87,-56.08,69.55,1.61
Karratha,17,AU,1573713189,56,-20.74,116.85,84.11,22.15
Kjopsvik,75,NO,1573713189,87,68.1,16.37,32.0,11.41
Erdenet,7,MN,1573713190,52,49.03,104.04,18.75,11.39
Constantine,20,DZ,1573713190,81,36.36,6.61,46.4,6.93
Kuching,75,MY,1573713191,62,1.56,110.34,89.6,6.93
Ukiah,1,US,1573713191,59,39.15,-123.21,60.8,4.7
Barra,1,GM,1573713194,94,13.49,-16.54,69.8,9.26
Takestan,44,IR,1573713212,45,36.07,49.69,48.2,2.24
Namatanai,55,PG,1573713213,73,-3.66,152.44,84.27,11.63
San Cristobal,32,HN,1573713216,96,14.68,-86.92,63.9,1.59
Batagay,45,RU,1573713217,98,67.65,134.64,-21.64,1.16
Taraz,29,KZ,1573713218,26,42.89,71.39,55.4,13.42
San Joaquin,100,PH,1573713219,80,10.59,122.14,81.36,12.62
Dawson,1,US,1573713220,79,39.85,-89.46,28.4,7.23
Necochea,64,AR,1573713220,95,-38.55,-58.74,54.55,9.86
Havoysund,90,NO,1573713221,80,71.0,24.66,35.6,11.41
Kotli Loharan,40,PK,1573713222,77,32.59,74.49,69.8,4.7
Catuday,85,PH,1573713225,70,16.29,119.81,80.44,4.9
Alberton,69,ZA,1573713225,82,-26.25,28.13,64.4,17.0
Lorengau,50,PG,1573713225,68,-2.02,147.27,84.27,6.46
Santa Eulalia,48,GT,1573713226,95,15.73,-91.46,44.64,1.07
Novorudnyy,90,RU,1573713234,87,51.5,58.19,33.8,11.18
Goundam,0,ML,1573713235,27,16.42,-3.66,66.6,10.63
Namwala,100,ZM,1573713236,79,-15.75,26.45,72.01,3.09
Kyaukse,20,MM,1573713236,66,21.6,96.13,87.8,5.82
Zhangye,0,CN,1573713236,5,38.94,100.46,52.12,3.06
Biltine,99,TD,1573713237,12,14.53,20.93,79.95,5.77
Brae,20,GB,1573713238,64,60.4,-1.35,39.2,13.87
Anadyr,75,RU,1573713239,73,64.73,177.51,23.0,20.13
Ballina,75,IE,1573713239,86,54.11,-9.15,37.4,9.17
